{
  "baseline_ocr": 0.9424044886071612,
  "baseline_speed_std": 6.104944593864321,
  "baseline_mean_accel": 0.3198002745854967,
  "W_efficiency": 0.5,
  "W_stability": 0.5,
  "scaling_factor": 72.51048616241214,
  "calibrated_with": [
    "submit_bc_v4_fixed_state.pkl"
  ]
}